policy,WEEK_END_DATE,STORE_NUM,UPC,seg,state,price_rec,discount_rec,price_mult,promo_feature,promo_display,promo_tpr_only,is_promo,units_pred,revenue_pred,score_penalised
revenue_only,2011-12-28,25021,1111085350,VALUE,OH,2.0145,0.15000000000000005,0.85,1,1,0,1,77.5665904303949,156.2578964220305,120.00789642203051
revenue_only,2011-08-17,2495,88491201426,MAINSTREAM,TX,2.9665,0.15000000000000008,0.85,1,1,0,1,32.62684018910467,96.787521420979,60.537521420979004
revenue_only,2011-10-05,2541,3700019521,MAINSTREAM,TX,2.941,0.15000000000000005,0.85,1,1,0,1,3.7464042590182203,11.018174925772586,-25.231825074227416
revenue_only,2011-11-02,17615,7192100337,MAINSTREAM,TX,4.4795,0.14999999999999997,0.85,1,1,0,1,24.61236042842445,110.25106853912732,74.00106853912732
revenue_only,2011-11-30,28909,7110410455,MAINSTREAM,OH,1.7,0.15000000000000002,0.85,1,1,0,1,17.489710782760604,29.732508330693026,-6.5174916693069775
revenue_only,2011-06-29,21227,31254742835,UPSCALE,OH,4.1055,0.15,0.85,1,1,0,1,14.279673890751328,58.62520115847958,22.375201158479577
revenue_only,2011-12-07,27175,4116709565,UPSCALE,TX,4.7405,0.05000000000000005,0.95,1,1,0,1,4.34942659894878,20.61845679231669,-8.131543207683315
revenue_only,2011-09-28,26983,31254742735,VALUE,OH,4.2415,0.15,0.85,1,1,0,1,11.87465087126076,50.36633167045252,14.116331670452517
revenue_only,2011-07-06,13853,3700044982,MAINSTREAM,TX,3.9600000000000004,0.09999999999999998,0.9,1,1,0,1,4.536990664486504,17.966483031366558,-14.53351696863344
revenue_only,2011-09-28,13853,1111087396,MAINSTREAM,TX,2.93,0.0,1.0,1,1,0,1,15.56223159712462,45.597338579575144,20.597338579575144
revenue_only,2011-06-08,21227,2840002333,UPSCALE,OH,2.6910000000000003,0.09999999999999996,0.9,1,1,0,1,36.06887825790741,97.06135139202884,64.56135139202884
revenue_only,2011-11-02,12011,1111009477,MAINSTREAM,TX,1.278,0.09999999999999994,0.9,1,1,0,1,45.668203023955094,58.36396346461461,25.86396346461462
revenue_only,2011-11-09,6431,88491201427,VALUE,TX,2.4819999999999998,0.15000000000000005,0.85,1,1,0,1,76.87172070341823,190.79561078588404,154.54561078588404
revenue_only,2011-06-08,23075,3700044982,MAINSTREAM,OH,4.6665,0.15000000000000002,0.85,1,1,0,1,5.411842799612689,25.254364424392612,-10.99563557560739
revenue_only,2011-11-23,21479,88491201426,VALUE,TX,2.628,0.09999999999999994,0.9,1,1,0,1,56.98878935824504,149.76653843346799,117.26653843346799
revenue_only,2011-07-13,387,7027316204,UPSCALE,OH,2.097,0.10000000000000003,0.9,1,1,0,1,19.062269245379785,39.97357860756141,7.473578607561407
revenue_only,2011-10-26,21237,1111035398,MAINSTREAM,OH,2.95,0.0,1.0,1,1,0,1,9.285421712298513,27.391994051280616,2.3919940512806157
revenue_only,2011-11-23,21485,3700031613,MAINSTREAM,TX,3.6465,0.15,0.85,1,1,0,1,3.6133513784145634,13.176085801388705,-23.073914198611295
revenue_only,2011-07-20,4259,7027312504,VALUE,OH,2.097,0.10000000000000003,0.9,1,1,0,1,11.236043424343494,23.561983060848306,-8.938016939151698
revenue_only,2011-06-15,25001,1600027564,VALUE,OH,2.547,0.09999999999999996,0.9,1,1,0,1,102.57254283178946,261.25226659256776,228.75226659256776
revenue_only,2011-12-07,8041,1111087398,MAINSTREAM,OH,3.3235,0.15,0.85,1,1,0,1,21.099762004569072,70.12505902218531,33.87505902218531
revenue_only,2011-10-26,29159,1111035398,MAINSTREAM,TX,2.5415,0.15000000000000002,0.85,1,1,0,1,6.20131913105998,15.760652571588938,-20.489347428411065
revenue_only,2011-11-23,25233,4116709448,VALUE,TX,3.9015,0.15,0.85,1,1,0,1,5.522328286746168,21.545363810740174,-14.704636189259826
revenue_only,2011-11-09,389,7192100336,MAINSTREAM,KY,4.93,0.15000000000000002,0.85,1,1,0,1,23.358176137711634,115.15580835891835,78.90580835891835
revenue_only,2011-06-08,389,3700031613,MAINSTREAM,KY,4.1819999999999995,0.15000000000000008,0.85,1,1,0,1,5.480476629929802,22.91935326636643,-13.330646733633577
revenue_only,2011-12-07,28909,4116709565,MAINSTREAM,OH,4.2415,0.15,0.85,1,1,0,1,5.845636311281512,24.794266414300537,-11.455733585699463
revenue_only,2011-09-28,2523,1111087395,VALUE,TX,3.162,0.15000000000000008,0.85,1,1,0,1,19.06449561762523,60.281935142930976,24.03193514293097
revenue_only,2011-08-17,28909,1111087395,MAINSTREAM,OH,3.4,0.15000000000000002,0.85,1,1,0,1,23.177526070104452,78.80358863835514,42.55358863835514
revenue_only,2011-10-26,21221,1111009507,VALUE,OH,1.4580000000000002,0.09999999999999995,0.9,1,1,0,1,49.516339458789005,72.19482293091438,39.694822930914384
revenue_only,2011-12-21,19523,1111085345,VALUE,TX,1.3345,0.15000000000000002,0.85,1,1,0,1,55.02930205599859,73.43660359373013,37.186603593730126
revenue_only,2011-12-14,2495,1111009497,MAINSTREAM,TX,1.098,0.09999999999999991,0.9,1,1,0,1,54.80517185996603,60.176078702242705,27.676078702242712
revenue_only,2011-09-21,613,1111035398,MAINSTREAM,TX,2.92,0.0,1.0,1,1,0,1,6.914456193746261,20.19021208573908,-4.8097879142609195
revenue_only,2011-12-28,13859,3700031613,MAINSTREAM,TX,3.6125,0.15000000000000005,0.85,1,1,0,1,3.6636312531248656,13.234867901913576,-23.015132098086426
revenue_only,2011-12-14,13837,1111009477,MAINSTREAM,TX,1.22,0.0,1.0,1,1,0,1,99.80582992743119,121.76311251146605,96.76311251146605
revenue_only,2011-12-07,15765,1111087395,MAINSTREAM,TX,2.9579999999999997,0.15000000000000008,0.85,1,1,0,1,20.18489664305616,59.706924270160115,23.45692427016011
revenue_only,2011-12-28,15765,1111035398,MAINSTREAM,TX,2.4139999999999997,0.15000000000000005,0.85,1,1,0,1,4.436010857710681,10.708530210513581,-25.54146978948642
revenue_only,2011-06-29,4245,4116709428,MAINSTREAM,IN,3.9015,0.15,0.85,1,1,0,1,6.243512035826409,24.359062207776734,-11.890937792223266
revenue_only,2011-10-12,21221,4116709428,VALUE,OH,3.9015,0.15,0.85,1,1,0,1,4.48968173405575,17.51649328541851,-18.73350671458149
revenue_only,2011-07-13,2541,3000006560,MAINSTREAM,TX,2.533,0.15000000000000002,0.85,1,1,0,1,28.077835771622137,71.12115800951887,34.871158009518865
revenue_only,2011-06-15,25021,3800039118,VALUE,OH,2.988,0.09999999999999996,0.9,1,1,0,1,111.26742732000196,332.46707283216585,299.96707283216585
revenue_only,2011-08-31,6431,3700044982,VALUE,TX,4.731,0.05000000000000011,0.95,1,1,0,1,3.4881971915977195,16.50266091344881,-12.247339086551197
revenue_only,2011-07-20,23349,2840004770,VALUE,TX,2.7965,0.15000000000000002,0.85,1,1,0,1,7.6476975516203085,21.386786203106194,-14.863213796893808
revenue_only,2011-12-28,389,7027316204,MAINSTREAM,KY,1.881,0.04999999999999999,0.95,1,1,0,1,69.32996378783483,130.4096618849173,101.65966188491731
revenue_only,2012-01-04,2281,3700044982,UPSCALE,OH,4.968500000000001,0.04999999999999997,0.95,1,1,0,1,17.19413920393992,85.4290806347755,56.6790806347755
revenue_only,2011-11-16,13609,2066200531,MAINSTREAM,OH,5.0915,0.15000000000000005,0.85,1,1,0,1,21.059103659266654,107.22242628115617,70.97242628115617
revenue_only,2011-10-26,6187,4116709448,MAINSTREAM,OH,3.9015,0.15,0.85,1,1,0,1,7.293191878043422,28.45438811218641,-7.795611887813589
revenue_only,2011-11-09,21221,88491201427,VALUE,OH,3.009,0.15000000000000005,0.85,1,1,0,1,56.90904289107705,171.23931005925084,134.98931005925084
revenue_only,2011-10-19,23055,7192100339,VALUE,OH,4.93,0.15000000000000002,0.85,1,1,0,1,29.395751069142786,144.92105277087393,108.67105277087393
revenue_only,2011-08-31,25021,3700044982,VALUE,OH,4.707000000000001,0.09999999999999994,0.9,1,1,0,1,3.2615114141409824,15.351934226361607,-17.14806577363839
revenue_only,2011-08-24,15763,1600027564,UPSCALE,TX,3.06,0.09999999999999996,0.9,1,1,0,1,54.36487774027499,166.35652588524147,133.85652588524147
revenue_only,2011-08-10,13827,1111087396,MAINSTREAM,TX,3.186,0.10000000000000002,0.9,1,1,0,1,21.818749835631586,69.51453697632223,37.01453697632223
revenue_only,2011-07-13,21227,2066200532,UPSCALE,OH,6.1655,0.050000000000000065,0.95,1,1,0,1,9.651175136896272,59.50432030653396,30.754320306533955
revenue_only,2011-10-19,6179,1600027527,UPSCALE,OH,2.533,0.15000000000000002,0.85,1,1,0,1,191.8912601592107,486.0605619832807,449.8105619832807
revenue_only,2011-10-19,25261,1111035398,MAINSTREAM,TX,2.89,0.0,1.0,1,1,0,1,6.679923212905873,19.304978085297975,-5.695021914702025
revenue_only,2011-11-23,2279,1600027527,MAINSTREAM,OH,2.55,0.15000000000000005,0.85,1,1,0,1,110.91923654719527,282.8440531953479,246.5940531953479
revenue_only,2011-06-08,6379,3000006610,MAINSTREAM,TX,2.5075000000000003,0.14999999999999997,0.85,1,1,0,1,52.64540793973051,132.00836040887427,95.75836040887427
revenue_only,2011-11-09,8041,7110410455,MAINSTREAM,OH,1.7,0.15000000000000002,0.85,1,1,0,1,16.885280417500823,28.7049767097514,-7.545023290248601
revenue_only,2011-06-15,4245,88491212971,MAINSTREAM,IN,2.52,0.09999999999999994,0.9,1,1,0,1,59.57552725076175,150.1303286719196,117.63032867191961
revenue_only,2011-12-07,6179,7218063979,UPSCALE,OH,6.3665,0.15,0.85,1,1,0,1,12.875222593836865,81.97010464366241,45.72010464366241
revenue_only,2011-12-21,2277,31254742735,UPSCALE,OH,4.473,0.09999999999999998,0.9,1,1,0,1,23.46500893712878,104.95898497577703,72.45898497577703
revenue_only,2011-10-19,15541,1111009477,MAINSTREAM,OH,1.5484999999999998,0.05000000000000008,0.95,1,1,0,1,73.4314428574357,113.70858926473916,84.95858926473916
revenue_only,2011-09-07,25261,7218063979,MAINSTREAM,TX,6.3665,0.15,0.85,1,1,0,1,10.874937326961351,69.23528849209944,32.98528849209944
revenue_only,2011-06-08,25027,7218063983,MAINSTREAM,OH,6.0264999999999995,0.15000000000000005,0.85,1,1,0,1,27.17415117629926,163.76502206396748,127.51502206396748
revenue_only,2011-06-08,21213,7027316204,MAINSTREAM,OH,1.5295,0.05000000000000001,0.95,1,1,0,1,16.710304628637317,25.558410929500777,-3.191589070499223
revenue_only,2011-06-15,4503,1600027528,AMBIGUOUS,TX,4.131,0.09999999999999992,0.9,1,1,0,1,63.82477231701146,263.66013444157437,231.16013444157437
revenue_only,2011-12-14,15765,1111087395,MAINSTREAM,TX,2.8729999999999998,0.15000000000000005,0.85,1,1,0,1,23.928037759804457,68.74525248391821,32.49525248391821
revenue_only,2011-07-27,4245,3700031613,MAINSTREAM,IN,4.0755,0.05000000000000003,0.95,1,1,0,1,6.021960156720589,24.542498618714763,-4.20750138128524
revenue_only,2011-07-06,2281,7110410455,UPSCALE,OH,1.7,0.15000000000000002,0.85,1,1,0,1,23.64197477800163,40.19135712260277,3.941357122602767
revenue_only,2011-08-10,2495,7797502248,MAINSTREAM,TX,2.5555,0.050000000000000024,0.95,1,1,0,1,7.990169452968525,20.418878037061063,-8.331121962938937
revenue_only,2011-11-16,27175,2066200532,UPSCALE,TX,6.066000000000001,0.09999999999999992,0.9,1,1,0,1,8.078517356768407,49.00428628615716,16.504286286157168
revenue_only,2011-08-24,17599,7192100336,VALUE,TX,5.076,0.10000000000000002,0.9,1,1,0,1,18.78507881421602,95.35306006096052,62.853060060960516
revenue_only,2012-01-04,13609,7218063983,MAINSTREAM,OH,5.9415000000000004,0.14999999999999997,0.85,1,1,0,1,10.41350146491745,61.871818953807036,25.621818953807036
revenue_only,2011-10-26,21221,2840004768,VALUE,OH,2.7965,0.15000000000000002,0.85,1,1,0,1,8.452637973975348,23.63780209422206,-12.612197905777942
revenue_only,2012-01-04,23061,3800031829,MAINSTREAM,OH,3.5010000000000003,0.09999999999999994,0.9,1,1,0,1,74.81093733441443,261.91309160778496,229.41309160778496
revenue_only,2011-12-14,4245,1111085350,MAINSTREAM,IN,2.074,0.15000000000000005,0.85,1,1,0,1,86.79796480980768,180.0189790155411,143.7689790155411
revenue_only,2011-08-10,4245,3800031829,MAINSTREAM,IN,3.3065,0.14999999999999997,0.85,1,1,0,1,90.22582701764583,298.33169703384596,262.08169703384596
revenue_only,2011-12-14,13827,88491212971,MAINSTREAM,TX,2.592,0.09999999999999994,0.9,1,1,0,1,48.69179259654802,126.20912641025247,93.70912641025247
revenue_only,2011-06-15,25027,7192100336,MAINSTREAM,OH,6.2604999999999995,0.05000000000000005,0.95,1,1,0,1,16.726321772133627,104.71513745444257,75.96513745444257
revenue_only,2011-07-06,2277,1111038078,UPSCALE,OH,1.521,0.10000000000000002,0.9,1,1,0,1,21.546562822074765,32.77232205237571,0.2723220523757135
revenue_only,2011-09-07,2513,1111038078,UPSCALE,TX,1.309,0.15000000000000005,0.85,1,1,0,1,15.91955401647863,20.838696207570525,-15.411303792429479
revenue_only,2011-10-26,23349,2840004768,VALUE,TX,2.7965,0.15000000000000002,0.85,1,1,0,1,9.081781902521188,25.397203090400502,-10.8527969095995
revenue_only,2011-07-06,623,7797508004,MAINSTREAM,TX,2.7965,0.15000000000000002,0.85,1,1,0,1,7.2641639353294165,20.314234445148713,-15.935765554851288
revenue_only,2011-08-03,613,88491201426,MAINSTREAM,TX,3.1410000000000005,0.09999999999999992,0.9,1,1,0,1,67.79526181307007,212.94491735485312,180.44491735485312
revenue_only,2011-09-28,17615,1111038078,MAINSTREAM,TX,1.343,0.15000000000000005,0.85,1,1,0,1,11.752610629425646,15.783756075318642,-20.46624392468136
revenue_only,2011-08-10,21237,88491201427,MAINSTREAM,OH,2.781,0.09999999999999991,0.9,1,1,0,1,70.85063042071833,197.0356032000177,164.5356032000177
revenue_only,2011-11-30,25001,1111038078,VALUE,OH,1.503,0.10000000000000003,0.9,1,1,0,1,5.069674656449766,7.619721008643997,-24.880278991356008
revenue_only,2011-07-13,26983,1111009497,VALUE,OH,1.395,0.10000000000000002,0.9,1,1,0,1,38.323223956942094,53.46089741993422,20.96089741993422
revenue_only,2011-10-19,2523,1111085345,VALUE,TX,1.3855,0.14999999999999997,0.85,1,1,0,1,47.988377712212845,66.48789732027089,30.23789732027089
revenue_only,2011-12-14,2513,31254742735,UPSCALE,TX,4.473,0.09999999999999998,0.9,1,1,0,1,33.65980758130422,150.56031931117377,118.06031931117377
revenue_only,2011-06-15,8035,3000006340,VALUE,OH,3.0515,0.15,0.85,1,1,0,1,5.647217865363789,17.2324853161576,-19.0175146838424
revenue_only,2011-06-15,23061,1111085350,MAINSTREAM,OH,2.0909999999999997,0.15000000000000008,0.85,1,1,0,1,84.51202973483639,176.71465417554288,140.46465417554288
revenue_only,2011-10-19,8263,31254742835,UPSCALE,TX,4.2245,0.14999999999999997,0.85,1,1,0,1,7.892539509185042,33.34203315655221,-2.907966843447788
revenue_only,2011-11-09,19521,1111087398,UPSCALE,TX,3.3249999999999997,0.05000000000000008,0.95,1,1,0,1,14.58273560466042,48.48759588549589,19.737595885495885
revenue_only,2011-08-24,28909,1111085345,MAINSTREAM,OH,1.6915,0.15,0.85,1,1,0,1,83.67741709069688,141.54035100891377,105.29035100891377
revenue_only,2011-11-09,6431,1600027528,VALUE,TX,3.9149999999999996,0.10000000000000002,0.9,1,1,0,1,52.26631253151826,204.62261356089397,172.12261356089397
revenue_only,2011-07-13,11761,88491212971,UPSCALE,OH,2.6910000000000003,0.09999999999999996,0.9,1,1,0,1,59.00781607512143,158.79003305815178,126.29003305815178
revenue_only,2011-06-29,8035,1600027528,VALUE,OH,4.5504999999999995,0.0500000000000001,0.95,1,1,0,1,9.261227966656783,42.14321786227168,13.393217862271676
revenue_only,2011-12-21,21227,1600027564,UPSCALE,OH,2.5245,0.15,0.85,1,1,0,1,194.2114433934293,490.28678884671234,454.03678884671234
revenue_only,2011-08-24,367,1111035398,VALUE,KY,3.1254999999999997,0.05000000000000009,0.95,1,1,0,1,3.8785462771602695,12.122396389264422,-16.627603610735584
revenue_only,2011-06-15,8041,3000006610,MAINSTREAM,OH,2.5925,0.15000000000000002,0.85,1,1,0,1,43.74115788622173,113.39895182002982,77.14895182002982
revenue_only,2011-09-28,23345,1111087396,UPSCALE,TX,3.111,0.14999999999999997,0.85,1,1,0,1,8.75455852016232,27.235431556224977,-9.01456844377502
revenue_only,2011-11-09,23067,7110410470,MAINSTREAM,OH,1.7,0.15000000000000002,0.85,1,1,0,1,18.70736107184221,31.802513822131758,-4.447486177868242
revenue_only,2011-12-14,2523,1600027527,VALUE,TX,2.5415,0.15000000000000002,0.85,1,1,0,1,104.08490572412686,264.5317878978684,228.2817878978684
revenue_only,2011-09-21,613,3700044982,MAINSTREAM,TX,3.9525,0.15000000000000005,0.85,0,1,0,1,7.111679083556889,28.108911577758604,-8.141088422241399
revenue_only,2011-08-17,13859,3000006610,MAINSTREAM,TX,2.533,0.15000000000000002,0.85,1,1,0,1,35.53263797880667,90.00417200031728,53.75417200031728
revenue_only,2011-07-20,19523,1111085319,VALUE,TX,1.547,0.15000000000000008,0.85,1,1,0,1,38.718776649314876,59.89794747649011,23.647947476490103
revenue_only,2011-11-09,2513,1111085319,UPSCALE,TX,1.6064999999999998,0.15000000000000005,0.85,1,1,0,1,24.157958623661123,38.80976052891159,2.5597605289115855
revenue_only,2011-08-24,17627,1600027528,AMBIGUOUS,TX,3.9015,0.15,0.85,1,1,0,1,44.825261476825055,174.88575765183296,138.63575765183296
revenue_only,2011-07-20,23055,7192100337,VALUE,OH,6.2604999999999995,0.05000000000000005,0.95,1,1,0,1,9.654262473630924,60.440510216166395,31.690510216166388
revenue_only,2011-08-24,21221,1111087395,VALUE,OH,3.366,0.14999999999999997,0.85,1,1,0,1,23.69211045869321,79.74764380396135,43.49764380396135
revenue_only,2011-09-28,21485,7797508006,MAINSTREAM,TX,2.7965,0.15000000000000002,0.85,1,1,0,1,9.984249387904049,27.920953413273672,-8.329046586726328
revenue_only,2011-06-15,19533,88491201427,MAINSTREAM,TX,2.9665,0.15000000000000008,0.85,1,1,0,1,81.5418138722335,241.8937908519807,205.6437908519807
revenue_only,2011-07-20,13853,2066200531,MAINSTREAM,TX,3.8165,0.15000000000000005,0.85,1,1,0,1,12.640539612371583,48.242619430616145,11.992619430616145
revenue_only,2011-06-29,4489,3700019521,UPSCALE,TX,2.941,0.15000000000000005,0.85,1,1,0,1,6.370285102932748,18.73500848772521,-17.514991512274793
revenue_only,2011-10-05,25229,88491212971,MAINSTREAM,TX,2.592,0.09999999999999994,0.9,1,1,0,1,77.01576749209315,199.62486933950544,167.12486933950544
revenue_only,2011-11-23,15765,1111087398,MAINSTREAM,TX,3.0004999999999997,0.15000000000000002,0.85,1,1,0,1,17.124203197162082,51.38117169308482,15.131171693084823
revenue_only,2011-07-06,613,3000006560,MAINSTREAM,TX,2.533,0.15000000000000002,0.85,1,1,0,1,73.15813397909007,185.30955336903514,149.05955336903514
revenue_only,2011-10-26,2279,3700044982,MAINSTREAM,OH,4.7405,0.05000000000000005,0.95,1,1,0,1,5.174143097090761,24.528025351758753,-4.22197464824125
revenue_only,2011-08-31,13827,1600027564,MAINSTREAM,TX,2.9610000000000003,0.09999999999999992,0.9,1,1,0,1,67.28432410127346,199.22888366387073,166.72888366387073
revenue_only,2011-08-31,11761,88491212971,UPSCALE,OH,2.583,0.09999999999999996,0.9,1,1,0,1,71.99434141905134,185.96138388540962,153.46138388540962
revenue_only,2011-06-08,11993,31254742835,UPSCALE,TX,4.1055,0.15,0.85,1,1,0,1,11.693386779910162,48.00719942492117,11.757199424921168
revenue_only,2011-07-27,389,3800031829,MAINSTREAM,KY,3.3065,0.14999999999999997,0.85,1,1,0,1,91.28622785097025,301.83791238923317,265.58791238923317
revenue_only,2011-07-27,25261,1111038080,MAINSTREAM,TX,1.343,0.15000000000000005,0.85,1,1,0,1,7.178224366542577,9.64035532426668,-26.60964467573332
revenue_only,2011-09-21,15755,3800031829,VALUE,TX,2.856,0.15,0.85,1,1,0,1,23.662756287050076,67.58083195581501,31.330831955815015
revenue_only,2011-11-02,21479,1111009477,VALUE,TX,1.054,0.14999999999999997,0.85,1,1,0,1,28.073360344784803,29.589321803403184,-6.6606781965968125
revenue_only,2011-08-31,9825,3000006610,MAINSTREAM,OH,2.6264999999999996,0.15000000000000008,0.85,1,1,0,1,26.670195787203692,70.04926923509049,33.799269235090485
revenue_only,2011-12-21,19265,1111085319,MAINSTREAM,KY,1.767,0.0500000000000001,0.95,1,1,0,1,58.91291369393735,104.09911849718729,75.34911849718728
revenue_only,2011-12-07,8035,1111087395,VALUE,OH,3.2895,0.15000000000000005,0.85,0,1,0,1,19.96453865130337,65.67334989346244,29.423349893462444
revenue_only,2011-06-29,25233,1111009507,VALUE,TX,0.9774999999999999,0.15,0.85,1,1,0,1,20.762250046625766,20.295099420576683,-15.954900579423317
revenue_only,2011-09-14,25001,7797508004,VALUE,OH,2.7965,0.15000000000000002,0.85,1,1,0,1,10.608423586635226,29.66645656002541,-6.583543439974591
revenue_only,2011-09-21,8263,1111087395,UPSCALE,TX,3.06,0.15,0.85,1,1,0,1,9.999734808096493,30.599188512775267,-5.650811487224733
revenue_only,2011-08-31,6187,3800039118,MAINSTREAM,OH,2.8729999999999998,0.15000000000000005,0.85,1,1,0,1,65.39355963124532,187.8756968205678,151.6256968205678
revenue_only,2011-06-22,19533,4116709428,MAINSTREAM,TX,3.9015,0.15,0.85,1,1,0,1,6.143105379378829,23.9673256376465,-12.2826743623535
revenue_only,2011-11-09,8041,7797508006,MAINSTREAM,OH,2.7965,0.15000000000000002,0.85,1,1,0,1,19.013229613298453,53.17049661358912,16.920496613589123
revenue_only,2011-11-16,10019,7797508006,VALUE,TX,2.7965,0.15000000000000002,0.85,1,1,0,1,5.133201144732919,14.354997001245607,-21.895002998754393
revenue_only,2011-08-24,13609,1111087395,MAINSTREAM,OH,3.564,0.09999999999999998,0.9,1,1,0,1,28.545179533538757,101.73501985753214,69.23501985753214
revenue_only,2011-09-28,25027,31254742735,MAINSTREAM,OH,4.392,0.09999999999999991,0.9,1,1,0,1,36.200691126742086,158.99343542865125,126.49343542865125
revenue_only,2011-08-17,12011,1111087396,MAINSTREAM,TX,3.1875,0.15,0.85,1,1,0,1,35.942959173425834,114.56818236529485,78.31818236529485
revenue_only,2011-07-13,11757,7218063983,MAINSTREAM,KY,6.3665,0.15,0.85,0,1,0,1,8.400245843651115,53.48016516360482,17.230165163604823
revenue_only,2011-06-08,13853,7797508004,MAINSTREAM,TX,2.7965,0.15000000000000002,0.85,1,1,0,1,10.866335905897802,30.387708360843206,-5.862291639156794
revenue_only,2011-10-12,2541,3800039118,MAINSTREAM,TX,2.8729999999999998,0.15000000000000005,0.85,1,1,0,1,19.488979312700355,55.99183756538812,19.74183756538811
revenue_only,2012-01-04,21221,1111035398,VALUE,OH,2.5415,0.15000000000000002,0.85,1,1,0,1,5.927963033654399,15.065918050032657,-21.184081949967343
revenue_only,2011-11-16,12011,31254742725,MAINSTREAM,TX,3.9865000000000004,0.15,0.85,1,1,0,1,4.651977840746858,18.545109662137353,-17.704890337862647
revenue_only,2011-10-26,26983,7218063983,VALUE,OH,6.3665,0.15,0.85,1,1,0,1,4.138786172371122,26.34958216640075,-9.90041783359925
revenue_only,2011-11-09,15531,7218063983,VALUE,OH,6.3665,0.15,0.85,1,1,0,1,7.4132752810341,47.196617076703596,10.946617076703596
revenue_only,2011-11-23,11757,3700031613,MAINSTREAM,KY,3.8080000000000003,0.15000000000000002,0.85,1,1,0,1,4.231437736314463,16.113314899885477,-20.136685100114526
revenue_only,2011-11-16,23349,4116709565,VALUE,TX,4.2415,0.15,0.85,1,1,0,1,3.796570240711273,16.103152675976865,-20.146847324023135
revenue_only,2011-08-24,15755,3700031613,VALUE,TX,3.6465,0.15,0.85,1,1,0,1,3.523863632911071,12.849768737410221,-23.400231262589777
revenue_only,2011-08-31,15765,1111009507,MAINSTREAM,TX,1.08,0.09999999999999991,0.9,1,1,0,1,34.82934582933307,37.61569349567972,5.115693495679729
revenue_only,2011-11-16,4245,7797508004,MAINSTREAM,IN,2.7965,0.15000000000000002,0.85,1,1,0,1,25.945570264694286,72.55678724521758,36.30678724521758
revenue_only,2011-10-26,13609,1111085350,MAINSTREAM,OH,2.0825,0.15000000000000005,0.85,1,1,0,1,117.72949920697631,245.17168209852818,208.92168209852818
revenue_only,2011-11-30,28909,1600027528,MAINSTREAM,OH,4.311,0.10000000000000002,0.9,1,1,0,1,66.91193764500753,288.45736318762744,255.95736318762744
revenue_only,2011-06-29,4521,1111009507,MAINSTREAM,TX,1.0625,0.15,0.85,1,1,0,1,12.059665471382456,12.81339456334386,-23.43660543665614
revenue_only,2011-12-28,11967,88491201426,VALUE,TX,2.628,0.09999999999999994,0.9,1,1,0,1,45.618796991215454,119.88619849291422,87.38619849291422
revenue_only,2011-11-30,11761,88491201426,UPSCALE,OH,2.8645,0.15000000000000002,0.85,1,1,0,1,25.867732966272445,74.09812108188743,37.84812108188743
revenue_only,2011-06-22,13859,88491201427,MAINSTREAM,TX,2.9665,0.15000000000000008,0.85,1,1,0,1,34.30792168142915,101.77444966795957,65.52444966795957
revenue_only,2011-11-16,6187,1600027528,MAINSTREAM,OH,4.311,0.10000000000000002,0.9,1,1,0,1,57.16326582420868,246.4308389681636,213.9308389681636
revenue_only,2011-06-08,29159,7192100337,MAINSTREAM,TX,6.4505,0.05000000000000002,0.95,1,1,0,1,9.186438510638736,59.25712161287516,30.50712161287516
revenue_only,2011-06-08,2541,1600027528,MAINSTREAM,TX,4.9305,0.05000000000000001,0.95,1,1,0,1,17.816646886925515,87.84497747598625,59.094977475986255
revenue_only,2011-06-22,23327,1111087395,MAINSTREAM,TX,3.222,0.10000000000000002,0.9,1,1,0,1,20.363650345730495,65.61168141394366,33.11168141394366
revenue_only,2011-11-30,387,3800031829,UPSCALE,OH,3.5010000000000003,0.09999999999999994,0.9,1,1,0,1,54.436180148435746,190.58106669967356,158.08106669967356
revenue_only,2011-08-17,9825,1111038078,MAINSTREAM,OH,1.521,0.10000000000000002,0.9,1,1,0,1,22.481943600514114,34.195036216381965,1.6950362163819648
revenue_only,2011-10-26,23055,3700044982,VALUE,OH,4.2415,0.15,0.85,1,1,0,1,2.637444262746598,11.186719840439697,-25.063280159560303
revenue_only,2011-09-21,21221,3000006610,VALUE,OH,2.6264999999999996,0.15000000000000008,0.85,1,1,0,1,24.367216490577434,64.00049411250163,27.75049411250162
revenue_only,2011-11-09,2277,2066200532,UPSCALE,OH,6.2604999999999995,0.05000000000000005,0.95,1,1,0,1,23.086301374979257,144.53178975805764,115.78178975805764
revenue_only,2011-08-24,387,7218063052,UPSCALE,OH,6.3665,0.15,0.85,1,1,0,1,18.2901387857825,116.44416857968429,80.19416857968429
revenue_only,2011-06-15,6179,31254742735,UPSCALE,OH,4.1055,0.15,0.85,1,1,0,1,15.201669078518501,62.41045240185771,26.16045240185771
revenue_only,2011-06-08,4245,2066200531,MAINSTREAM,IN,5.304,0.15,0.85,1,1,0,1,17.171368799451322,91.07694011228982,54.82694011228982
revenue_only,2011-08-03,26983,1111085350,VALUE,OH,2.1165000000000003,0.14999999999999997,0.85,1,1,0,1,51.02131422820994,107.98661156400635,71.73661156400635
revenue_only,2011-11-23,15763,3800031838,UPSCALE,TX,2.583,0.09999999999999996,0.9,1,1,0,1,71.06919123881312,183.5717209698543,151.0717209698543
revenue_only,2011-12-07,21237,1111038080,MAINSTREAM,OH,1.4109999999999998,0.15000000000000008,0.85,1,1,0,1,9.242363593436952,13.040975030339538,-23.20902496966047
revenue_only,2011-08-10,21485,3800039118,MAINSTREAM,TX,2.533,0.15000000000000002,0.85,1,1,0,1,107.5818917304048,272.5049317531154,236.2549317531154
revenue_only,2011-08-17,8263,4116709565,UPSCALE,TX,4.7405,0.05000000000000005,0.95,1,1,0,1,4.0536121136153405,19.21614822459352,-9.533851775406482
revenue_only,2012-01-04,13827,2066200531,MAINSTREAM,TX,5.9415000000000004,0.14999999999999997,0.85,0,1,0,1,10.51492042193892,62.47439968695009,26.224399686950093
revenue_only,2011-11-02,23075,7027316404,MAINSTREAM,OH,1.764,0.09999999999999998,0.9,1,1,0,1,42.6679932170241,75.2663400348305,42.766340034830506
revenue_only,2011-07-06,17627,1111009507,AMBIGUOUS,TX,1.0285,0.15,0.85,1,1,0,1,30.982478514390337,31.86547915205046,-4.384520847949538
revenue_only,2011-12-21,21237,1111009477,MAINSTREAM,OH,1.62,0.0,1.0,1,1,0,1,208.72324252621988,338.1316528924762,313.1316528924762
revenue_only,2011-10-19,4521,3800031838,MAINSTREAM,TX,2.673,0.10000000000000005,0.9,1,1,0,1,53.014039381147725,141.70652726580786,109.20652726580786
revenue_only,2011-06-29,25261,3000006560,MAINSTREAM,TX,2.533,0.15000000000000002,0.85,1,1,0,1,66.31338323670805,167.9717997385815,131.7217997385815
revenue_only,2011-10-05,23055,1111085319,VALUE,OH,1.6575,0.15,0.85,1,1,0,1,21.71131427657825,35.98650341342845,-0.2634965865715486
revenue_only,2011-09-21,623,4116709428,MAINSTREAM,TX,3.9015,0.15,0.85,1,1,0,1,5.07592615025622,19.803725875224643,-16.446274124775357
revenue_only,2011-09-28,6379,7797502248,MAINSTREAM,TX,2.2864999999999998,0.15000000000000008,0.85,1,1,0,1,19.41566582179161,44.39391990152651,8.143919901526502
revenue_only,2011-08-31,6379,1111009477,MAINSTREAM,TX,1.22,0.0,1.0,1,1,0,1,78.56730250510508,95.85210905622819,70.85210905622819
revenue_only,2011-09-21,8035,1600027528,VALUE,OH,4.0715,0.14999999999999994,0.85,1,1,0,1,15.56543564043808,63.37467121004365,27.124671210043658
revenue_only,2011-06-15,27175,7218063979,UPSCALE,TX,6.3665,0.15,0.85,1,1,0,1,14.44477164906166,91.96263870375107,55.71263870375107
revenue_only,2012-01-04,4259,3800039118,VALUE,OH,2.9665,0.15000000000000008,0.85,1,1,0,1,102.6392030094619,304.4791957275687,268.2291957275687
revenue_only,2011-07-13,613,1111085345,MAINSTREAM,TX,1.665,0.10000000000000002,0.9,1,1,0,1,65.62101081722933,109.25898301068685,76.75898301068685
revenue_only,2011-09-14,4245,1111009477,MAINSTREAM,IN,1.54,0.0,1.0,1,1,0,1,116.46082440362787,179.3496695815869,154.3496695815869
revenue_only,2011-06-29,623,7218063052,MAINSTREAM,TX,6.706499999999999,0.15000000000000005,0.85,0,1,0,1,9.795740133947975,65.69513120832208,29.44513120832208
revenue_only,2011-08-17,2281,4116709428,UPSCALE,OH,3.9015,0.15,0.85,1,1,0,1,10.312468370341346,40.23409534688676,3.984095346886761
revenue_only,2011-06-29,19533,7218063979,MAINSTREAM,TX,6.706499999999999,0.15000000000000005,0.85,1,1,0,1,8.428058472455927,56.522774145525666,20.27277414552566
revenue_only,2011-08-31,25261,3700044982,MAINSTREAM,TX,4.731,0.05000000000000011,0.95,1,1,0,1,5.28894954603127,25.022020302273937,-3.72797969772607
revenue_only,2011-06-22,21213,1111009497,MAINSTREAM,OH,1.309,0.15000000000000005,0.85,1,1,0,1,52.1496191198834,68.26385142792736,32.013851427927364
revenue_only,2011-08-10,23055,7192100336,VALUE,OH,6.2604999999999995,0.05000000000000005,0.95,1,1,0,1,9.068865556077162,56.77563281382107,28.025632813821062
revenue_only,2011-07-20,11993,1111009497,UPSCALE,TX,1.054,0.14999999999999997,0.85,1,1,0,1,45.409227985372155,47.861326296582256,11.611326296582256
revenue_only,2011-11-30,25233,7192100336,VALUE,TX,4.742999999999999,0.10000000000000003,0.9,1,1,0,1,27.860266156492703,132.14124238024488,99.64124238024488
revenue_only,2011-06-15,15763,7218063052,UPSCALE,TX,6.3665,0.15,0.85,1,1,0,1,8.679073062286323,55.255318651045876,19.005318651045876
revenue_only,2011-08-10,8263,3800031829,UPSCALE,TX,2.856,0.15,0.85,1,1,0,1,73.56135041584378,210.0912167876498,173.8412167876498
revenue_only,2011-11-30,11761,1111009477,UPSCALE,OH,1.5484999999999998,0.05000000000000008,0.95,1,1,0,1,105.74716397953733,163.74948342231355,134.99948342231355
revenue_only,2011-10-26,4521,2066200532,MAINSTREAM,TX,5.0915,0.15000000000000005,0.85,1,1,0,1,7.562027437293425,38.50206269697947,2.2520626969794684
penalised,2011-12-28,25021,1111085350,VALUE,OH,2.37,0.0,1.0,1,1,0,1,63.5714897543302,150.66443071776257,125.66443071776257
penalised,2011-08-17,2495,88491201426,MAINSTREAM,TX,2.9665,0.15000000000000008,0.85,1,1,0,1,32.62684018910467,96.787521420979,60.537521420979004
penalised,2011-10-05,2541,3700019521,MAINSTREAM,TX,3.46,0.0,1.0,0,0,0,0,1.3100314282224192,4.532708741649571,4.532708741649571
penalised,2011-11-02,17615,7192100337,MAINSTREAM,TX,4.4795,0.14999999999999997,0.85,1,1,0,1,24.61236042842445,110.25106853912732,74.00106853912732
penalised,2011-11-30,28909,7110410455,MAINSTREAM,OH,2.0,0.0,1.0,0,0,0,0,7.139967469131082,14.279934938262164,14.279934938262164
penalised,2011-06-29,21227,31254742835,UPSCALE,OH,4.83,0.0,1.0,0,0,0,0,6.362645052672295,30.731575604407183,30.731575604407183
penalised,2011-12-07,27175,4116709565,UPSCALE,TX,4.99,0.0,1.0,0,0,0,0,1.7913558197575457,8.938865540590154,8.938865540590154
penalised,2011-09-28,26983,31254742735,VALUE,OH,4.99,0.0,1.0,0,0,0,0,4.39745337682056,21.943292350334595,21.943292350334595
penalised,2011-07-06,13853,3700044982,MAINSTREAM,TX,4.4,0.0,1.0,0,0,0,0,2.866750605017227,12.6137026620758,12.6137026620758
penalised,2011-09-28,13853,1111087396,MAINSTREAM,TX,2.93,0.0,1.0,0,0,0,0,9.268939077855698,27.157991498117198,27.157991498117198
penalised,2011-06-08,21227,2840002333,UPSCALE,OH,2.6910000000000003,0.09999999999999996,0.9,0,0,0,0,28.2993628685291,76.15358547921181,68.65358547921181
penalised,2011-11-02,12011,1111009477,MAINSTREAM,TX,1.42,0.0,1.0,0,0,0,0,22.08480142923702,31.36041802951657,31.36041802951657
penalised,2011-11-09,6431,88491201427,VALUE,TX,2.92,0.0,1.0,1,1,0,1,62.9093056122807,183.69517238785963,158.69517238785963
penalised,2011-06-08,23075,3700044982,MAINSTREAM,OH,5.49,0.0,1.0,0,0,0,0,2.894487285844675,15.890735199287265,15.890735199287265
penalised,2011-11-23,21479,88491201426,VALUE,TX,2.628,0.09999999999999994,0.9,1,1,0,1,56.98878935824504,149.76653843346799,117.26653843346799
penalised,2011-07-13,387,7027316204,UPSCALE,OH,2.33,0.0,1.0,0,0,0,0,11.29850946678825,26.325527057616622,26.325527057616622
penalised,2011-10-26,21237,1111035398,MAINSTREAM,OH,2.95,0.0,1.0,0,0,0,0,6.100473436273401,17.996396637006534,17.996396637006534
penalised,2011-11-23,21485,3700031613,MAINSTREAM,TX,4.29,0.0,1.0,0,0,0,0,1.891079303131966,8.112730210436133,8.112730210436133
penalised,2011-07-20,4259,7027312504,VALUE,OH,2.33,0.0,1.0,0,0,0,0,4.438863063948219,10.34255093899935,10.34255093899935
penalised,2011-06-15,25001,1600027564,VALUE,OH,2.547,0.09999999999999996,0.9,1,1,0,1,102.57254283178946,261.25226659256776,228.75226659256776
penalised,2011-12-07,8041,1111087398,MAINSTREAM,OH,3.3235,0.15,0.85,1,1,0,1,21.099762004569072,70.12505902218531,33.87505902218531
penalised,2011-10-26,29159,1111035398,MAINSTREAM,TX,2.99,0.0,1.0,0,0,0,0,2.589435206885597,7.742411268587936,7.742411268587936
penalised,2011-11-23,25233,4116709448,VALUE,TX,4.59,0.0,1.0,0,0,0,0,1.5792456964439623,7.2487377466777865,7.2487377466777865
penalised,2011-11-09,389,7192100336,MAINSTREAM,KY,4.93,0.15000000000000002,0.85,1,1,0,1,23.358176137711634,115.15580835891835,78.90580835891835
penalised,2011-06-08,389,3700031613,MAINSTREAM,KY,4.92,0.0,1.0,0,0,0,0,3.1313925518217114,15.40645135496282,15.40645135496282
penalised,2011-12-07,28909,4116709565,MAINSTREAM,OH,4.99,0.0,1.0,0,0,0,0,1.9870035067267162,9.915147498566315,9.915147498566315
penalised,2011-09-28,2523,1111087395,VALUE,TX,3.72,0.0,1.0,0,0,0,0,6.70464975096536,24.94129707359114,24.94129707359114
penalised,2011-08-17,28909,1111087395,MAINSTREAM,OH,3.4,0.15000000000000002,0.85,1,1,0,1,23.177526070104452,78.80358863835514,42.55358863835514
penalised,2011-10-26,21221,1111009507,VALUE,OH,1.4580000000000002,0.09999999999999995,0.9,1,1,0,1,49.516339458789005,72.19482293091438,39.694822930914384
penalised,2011-12-21,19523,1111085345,VALUE,TX,1.57,0.0,1.0,0,0,0,0,26.48435572265876,41.58043848457425,41.58043848457425
penalised,2011-12-14,2495,1111009497,MAINSTREAM,TX,1.22,0.0,1.0,0,0,0,0,27.477367597342734,33.52238846875814,33.52238846875814
penalised,2011-09-21,613,1111035398,MAINSTREAM,TX,2.92,0.0,1.0,0,0,0,0,4.042751761505615,11.804835143596396,11.804835143596396
penalised,2011-12-28,13859,3700031613,MAINSTREAM,TX,4.25,0.0,1.0,0,0,0,0,2.021903365246802,8.593089302298909,8.593089302298909
penalised,2011-12-14,13837,1111009477,MAINSTREAM,TX,1.22,0.0,1.0,1,1,0,1,99.80582992743119,121.76311251146605,96.76311251146605
penalised,2011-12-07,15765,1111087395,MAINSTREAM,TX,3.306,0.04999999999999998,0.95,0,0,0,0,10.832323219521099,35.81166056373675,32.06166056373675
penalised,2011-12-28,15765,1111035398,MAINSTREAM,TX,2.84,0.0,1.0,0,0,0,0,2.1159345316920075,6.009254070005301,6.009254070005301
penalised,2011-06-29,4245,4116709428,MAINSTREAM,IN,4.59,0.0,1.0,0,0,0,0,1.590024968549955,7.298214605644294,7.298214605644294
penalised,2011-10-12,21221,4116709428,VALUE,OH,4.59,0.0,1.0,0,0,0,0,1.2903349507327464,5.922637423863306,5.922637423863306
penalised,2011-07-13,2541,3000006560,MAINSTREAM,TX,2.98,0.0,1.0,1,1,0,1,20.53885160338185,61.205777778077916,36.205777778077916
penalised,2011-06-15,25021,3800039118,VALUE,OH,2.988,0.09999999999999996,0.9,1,1,0,1,111.26742732000196,332.46707283216585,299.96707283216585
penalised,2011-08-31,6431,3700044982,VALUE,TX,4.98,0.0,1.0,0,0,0,0,2.4007445215800423,11.955707717468611,11.955707717468611
penalised,2011-07-20,23349,2840004770,VALUE,TX,3.29,0.0,1.0,0,0,0,0,2.5796941659237844,8.48719380588925,8.48719380588925
penalised,2011-12-28,389,7027316204,MAINSTREAM,KY,1.98,0.0,1.0,1,1,0,1,65.75482492827594,130.19455335798636,105.19455335798636
penalised,2012-01-04,2281,3700044982,UPSCALE,OH,4.968500000000001,0.04999999999999997,0.95,1,1,0,1,17.19413920393992,85.4290806347755,56.6790806347755
penalised,2011-11-16,13609,2066200531,MAINSTREAM,OH,5.0915,0.15000000000000005,0.85,1,1,0,1,21.059103659266654,107.22242628115617,70.97242628115617
penalised,2011-10-26,6187,4116709448,MAINSTREAM,OH,4.59,0.0,1.0,0,0,0,0,1.687282938134016,7.744628686035133,7.744628686035133
penalised,2011-11-09,21221,88491201427,VALUE,OH,3.186,0.10000000000000002,0.9,1,1,0,1,52.65930854853455,167.77255703563105,135.27255703563105
penalised,2011-10-19,23055,7192100339,VALUE,OH,5.22,0.10000000000000002,0.9,1,1,0,1,27.23123666714332,142.14705540248812,109.64705540248812
penalised,2011-08-31,25021,3700044982,VALUE,OH,5.23,0.0,1.0,0,0,0,0,1.950549864621615,10.201375791971047,10.201375791971047
penalised,2011-08-24,15763,1600027564,UPSCALE,TX,3.06,0.09999999999999996,0.9,1,1,0,1,54.36487774027499,166.35652588524147,133.85652588524147
penalised,2011-08-10,13827,1111087396,MAINSTREAM,TX,3.186,0.10000000000000002,0.9,1,1,0,1,21.818749835631586,69.51453697632223,37.01453697632223
penalised,2011-07-13,21227,2066200532,UPSCALE,OH,6.1655,0.050000000000000065,0.95,1,1,0,1,9.651175136896272,59.50432030653396,30.754320306533955
penalised,2011-10-19,6179,1600027527,UPSCALE,OH,2.533,0.15000000000000002,0.85,1,1,0,1,191.8912601592107,486.0605619832807,449.8105619832807
penalised,2011-10-19,25261,1111035398,MAINSTREAM,TX,2.89,0.0,1.0,0,0,0,0,3.6077074545922407,10.426274543771576,10.426274543771576
penalised,2011-11-23,2279,1600027527,MAINSTREAM,OH,2.55,0.15000000000000005,0.85,1,1,0,1,110.91923654719527,282.8440531953479,246.5940531953479
penalised,2011-06-08,6379,3000006610,MAINSTREAM,TX,2.5075000000000003,0.14999999999999997,0.85,1,1,0,1,52.64540793973051,132.00836040887427,95.75836040887427
penalised,2011-11-09,8041,7110410455,MAINSTREAM,OH,2.0,0.0,1.0,0,0,0,0,7.425060545212463,14.850121090424926,14.850121090424926
penalised,2011-06-15,4245,88491212971,MAINSTREAM,IN,2.52,0.09999999999999994,0.9,1,1,0,1,59.57552725076175,150.1303286719196,117.63032867191961
penalised,2011-12-07,6179,7218063979,UPSCALE,OH,6.3665,0.15,0.85,1,1,0,1,12.875222593836865,81.97010464366241,45.72010464366241
penalised,2011-12-21,2277,31254742735,UPSCALE,OH,4.473,0.09999999999999998,0.9,1,1,0,1,23.46500893712878,104.95898497577703,72.45898497577703
penalised,2011-10-19,15541,1111009477,MAINSTREAM,OH,1.5484999999999998,0.05000000000000008,0.95,1,1,0,1,73.4314428574357,113.70858926473916,84.95858926473916
penalised,2011-09-07,25261,7218063979,MAINSTREAM,TX,6.3665,0.15,0.85,1,1,0,1,10.874937326961351,69.23528849209944,32.98528849209944
penalised,2011-06-08,25027,7218063983,MAINSTREAM,OH,6.0264999999999995,0.15000000000000005,0.85,1,1,0,1,27.17415117629926,163.76502206396748,127.51502206396748
penalised,2011-06-08,21213,7027316204,MAINSTREAM,OH,1.61,0.0,1.0,0,0,0,0,12.694035199545098,20.43739667126761,20.43739667126761
penalised,2011-06-15,4503,1600027528,AMBIGUOUS,TX,4.131,0.09999999999999992,0.9,1,1,0,1,63.82477231701146,263.66013444157437,231.16013444157437
penalised,2011-12-14,15765,1111087395,MAINSTREAM,TX,3.211,0.05000000000000001,0.95,0,0,0,0,13.021241293170362,41.81120579237003,38.06120579237003
penalised,2011-07-27,4245,3700031613,MAINSTREAM,IN,4.29,0.0,1.0,0,0,0,0,3.3816357851589505,14.507217518331897,14.507217518331897
penalised,2011-07-06,2281,7110410455,UPSCALE,OH,2.0,0.0,1.0,0,0,0,0,10.401366584651855,20.80273316930371,20.80273316930371
penalised,2011-08-10,2495,7797502248,MAINSTREAM,TX,2.69,0.0,1.0,0,0,0,0,3.4268542333053165,9.2182378875913,9.2182378875913
penalised,2011-11-16,27175,2066200532,UPSCALE,TX,6.74,0.0,1.0,0,0,0,0,3.5491163500493634,23.92104419933271,23.92104419933271
penalised,2011-08-24,17599,7192100336,VALUE,TX,5.076,0.10000000000000002,0.9,1,1,0,1,18.78507881421602,95.35306006096052,62.853060060960516
penalised,2012-01-04,13609,7218063983,MAINSTREAM,OH,6.6405,0.04999999999999999,0.95,1,1,0,1,8.975311777015659,59.600557855272484,30.850557855272484
penalised,2011-10-26,21221,2840004768,VALUE,OH,3.29,0.0,1.0,0,0,0,0,2.670782279291637,8.786873698869485,8.786873698869485
penalised,2012-01-04,23061,3800031829,MAINSTREAM,OH,3.5010000000000003,0.09999999999999994,0.9,1,1,0,1,74.81093733441443,261.91309160778496,229.41309160778496
penalised,2011-12-14,4245,1111085350,MAINSTREAM,IN,2.44,0.0,1.0,1,1,0,1,71.4045780607009,174.2271704681102,149.2271704681102
penalised,2011-08-10,4245,3800031829,MAINSTREAM,IN,3.3065,0.14999999999999997,0.85,1,1,0,1,90.22582701764583,298.33169703384596,262.08169703384596
penalised,2011-12-14,13827,88491212971,MAINSTREAM,TX,2.592,0.09999999999999994,0.9,1,1,0,1,48.69179259654802,126.20912641025247,93.70912641025247
penalised,2011-06-15,25027,7192100336,MAINSTREAM,OH,6.2604999999999995,0.05000000000000005,0.95,1,1,0,1,16.726321772133627,104.71513745444257,75.96513745444257
penalised,2011-07-06,2277,1111038078,UPSCALE,OH,1.69,0.0,1.0,0,0,0,0,10.472737254399007,17.69892595993432,17.69892595993432
penalised,2011-09-07,2513,1111038078,UPSCALE,TX,1.54,0.0,1.0,0,0,0,0,8.92256679923319,13.740752870819112,13.740752870819112
penalised,2011-10-26,23349,2840004768,VALUE,TX,3.29,0.0,1.0,0,0,0,0,3.303892848808976,10.869807472581531,10.869807472581531
penalised,2011-07-06,623,7797508004,MAINSTREAM,TX,3.29,0.0,1.0,0,0,0,0,2.4412543146699233,8.031726695264048,8.031726695264048
penalised,2011-08-03,613,88491201426,MAINSTREAM,TX,3.1410000000000005,0.09999999999999992,0.9,1,1,0,1,67.79526181307007,212.94491735485312,180.44491735485312
penalised,2011-09-28,17615,1111038078,MAINSTREAM,TX,1.58,0.0,1.0,0,0,0,0,5.098910226797157,8.05627815833951,8.05627815833951
penalised,2011-08-10,21237,88491201427,MAINSTREAM,OH,2.781,0.09999999999999991,0.9,1,1,0,1,70.85063042071833,197.0356032000177,164.5356032000177
penalised,2011-11-30,25001,1111038078,VALUE,OH,1.67,0.0,1.0,0,0,0,0,3.4666264664355544,5.7892661989473755,5.7892661989473755
penalised,2011-07-13,26983,1111009497,VALUE,OH,1.55,0.0,1.0,0,0,0,0,16.88129652624536,26.16600961568031,26.16600961568031
penalised,2011-10-19,2523,1111085345,VALUE,TX,1.63,0.0,1.0,0,0,0,0,24.236384522396552,39.505306771506376,39.505306771506376
penalised,2011-12-14,2513,31254742735,UPSCALE,TX,4.473,0.09999999999999998,0.9,1,1,0,1,33.65980758130422,150.56031931117377,118.06031931117377
penalised,2011-06-15,8035,3000006340,VALUE,OH,3.59,0.0,1.0,0,0,0,0,2.2309246176151443,8.009019377238367,8.009019377238367
penalised,2011-06-15,23061,1111085350,MAINSTREAM,OH,2.0909999999999997,0.15000000000000008,0.85,1,1,0,1,84.51202973483639,176.71465417554288,140.46465417554288
penalised,2011-10-19,8263,31254742835,UPSCALE,TX,4.97,0.0,1.0,0,0,0,0,2.745318006897663,13.644230494281384,13.644230494281384
penalised,2011-11-09,19521,1111087398,UPSCALE,TX,3.3249999999999997,0.05000000000000008,0.95,0,0,0,0,8.428374839740997,28.024346342138813,24.274346342138806
penalised,2011-08-24,28909,1111085345,MAINSTREAM,OH,1.99,0.0,1.0,1,1,0,1,69.22443104005599,137.75661776971143,112.75661776971143
penalised,2011-11-09,6431,1600027528,VALUE,TX,3.9149999999999996,0.10000000000000002,0.9,1,1,0,1,52.26631253151826,204.62261356089397,172.12261356089397
penalised,2011-07-13,11761,88491212971,UPSCALE,OH,2.6910000000000003,0.09999999999999996,0.9,1,1,0,1,59.00781607512143,158.79003305815178,126.29003305815178
penalised,2011-06-29,8035,1600027528,VALUE,OH,4.79,0.0,1.0,0,0,0,0,4.06160309767018,19.455078837840162,19.455078837840162
penalised,2011-12-21,21227,1600027564,UPSCALE,OH,2.5245,0.15,0.85,1,1,0,1,194.2114433934293,490.28678884671234,454.03678884671234
penalised,2011-08-24,367,1111035398,VALUE,KY,3.29,0.0,1.0,0,0,0,0,1.72387449903574,5.671547101827585,5.671547101827585
penalised,2011-06-15,8041,3000006610,MAINSTREAM,OH,2.5925,0.15000000000000002,0.85,1,1,0,1,43.74115788622173,113.39895182002982,77.14895182002982
penalised,2011-09-28,23345,1111087396,UPSCALE,TX,3.66,0.0,1.0,0,0,0,0,2.793854481929498,10.225507403861963,10.225507403861963
penalised,2011-11-09,23067,7110410470,MAINSTREAM,OH,2.0,0.0,1.0,0,0,0,0,8.774608139962508,17.549216279925016,17.549216279925016
penalised,2011-12-14,2523,1600027527,VALUE,TX,2.6910000000000003,0.09999999999999996,0.9,1,1,0,1,98.1262153542152,264.05764551819317,231.55764551819317
penalised,2011-09-21,613,3700044982,MAINSTREAM,TX,4.65,0.0,1.0,0,0,0,0,3.9810705897263676,18.51197824222761,18.51197824222761
penalised,2011-08-17,13859,3000006610,MAINSTREAM,TX,2.533,0.15000000000000002,0.85,1,1,0,1,35.53263797880667,90.00417200031728,53.75417200031728
penalised,2011-07-20,19523,1111085319,VALUE,TX,1.82,0.0,1.0,0,0,0,0,14.36794055067842,26.149651802234725,26.149651802234725
penalised,2011-11-09,2513,1111085319,UPSCALE,TX,1.7954999999999999,0.05000000000000002,0.95,0,0,0,0,12.148816411400915,21.81319986667034,18.06319986667034
penalised,2011-08-24,17627,1600027528,AMBIGUOUS,TX,3.9015,0.15,0.85,1,1,0,1,44.825261476825055,174.88575765183296,138.63575765183296
penalised,2011-07-20,23055,7192100337,VALUE,OH,6.59,0.0,1.0,1,1,0,1,8.824937325791554,58.15633697696634,33.15633697696634
penalised,2011-08-24,21221,1111087395,VALUE,OH,3.96,0.0,1.0,0,0,0,0,12.28277442830781,48.63978673609893,48.63978673609893
penalised,2011-09-28,21485,7797508006,MAINSTREAM,TX,3.29,0.0,1.0,0,0,0,0,3.184039592157397,10.475490258197837,10.475490258197837
penalised,2011-06-15,19533,88491201427,MAINSTREAM,TX,2.9665,0.15000000000000008,0.85,1,1,0,1,81.5418138722335,241.8937908519807,205.6437908519807
penalised,2011-07-20,13853,2066200531,MAINSTREAM,TX,4.49,0.0,1.0,0,0,0,0,4.60761140370009,20.688175202613404,20.688175202613404
penalised,2011-06-29,4489,3700019521,UPSCALE,TX,3.46,0.0,1.0,0,0,0,0,2.267667139256664,7.846128301828057,7.846128301828057
penalised,2011-10-05,25229,88491212971,MAINSTREAM,TX,2.592,0.09999999999999994,0.9,1,1,0,1,77.01576749209315,199.62486933950544,167.12486933950544
penalised,2011-11-23,15765,1111087398,MAINSTREAM,TX,3.53,0.0,1.0,0,0,0,0,7.071134880264954,24.961106127335288,24.961106127335288
penalised,2011-07-06,613,3000006560,MAINSTREAM,TX,2.533,0.15000000000000002,0.85,1,1,0,1,73.15813397909007,185.30955336903514,149.05955336903514
penalised,2011-10-26,2279,3700044982,MAINSTREAM,OH,4.99,0.0,1.0,0,0,0,0,3.228953897511811,16.112479948583935,16.112479948583935
penalised,2011-08-31,13827,1600027564,MAINSTREAM,TX,2.9610000000000003,0.09999999999999992,0.9,1,1,0,1,67.28432410127346,199.22888366387073,166.72888366387073
penalised,2011-08-31,11761,88491212971,UPSCALE,OH,2.583,0.09999999999999996,0.9,1,1,0,1,71.99434141905134,185.96138388540962,153.46138388540962
penalised,2011-06-08,11993,31254742835,UPSCALE,TX,4.83,0.0,1.0,0,0,0,0,4.831318969920244,23.33527062471478,23.33527062471478
penalised,2011-07-27,389,3800031829,MAINSTREAM,KY,3.3065,0.14999999999999997,0.85,1,1,0,1,91.28622785097025,301.83791238923317,265.58791238923317
penalised,2011-07-27,25261,1111038080,MAINSTREAM,TX,1.58,0.0,1.0,0,0,0,0,2.354184898970422,3.7196121403732674,3.7196121403732674
penalised,2011-09-21,15755,3800031829,VALUE,TX,2.856,0.15,0.85,1,1,0,1,23.662756287050076,67.58083195581501,31.330831955815015
penalised,2011-11-02,21479,1111009477,VALUE,TX,1.24,0.0,1.0,0,0,0,0,11.601025797472305,14.385271988865657,14.385271988865657
penalised,2011-08-31,9825,3000006610,MAINSTREAM,OH,2.9354999999999998,0.05000000000000003,0.95,1,1,0,1,22.306279083342247,65.48008224915117,36.73008224915117
penalised,2011-12-21,19265,1111085319,MAINSTREAM,KY,1.86,0.0,1.0,1,1,0,1,55.19196326245002,102.65705166815704,77.65705166815704
penalised,2011-12-07,8035,1111087395,VALUE,OH,3.87,0.0,1.0,0,0,0,0,8.440368889352037,32.66422760179238,32.66422760179238
penalised,2011-06-29,25233,1111009507,VALUE,TX,1.15,0.0,1.0,0,0,0,0,5.195126559252001,5.974395543139801,5.974395543139801
penalised,2011-09-14,25001,7797508004,VALUE,OH,3.29,0.0,1.0,0,0,0,0,3.3808935974607452,11.123139935645852,11.123139935645852
penalised,2011-09-21,8263,1111087395,UPSCALE,TX,3.6,0.0,1.0,0,0,0,0,3.1819742273853455,11.455107218587244,11.455107218587244
penalised,2011-08-31,6187,3800039118,MAINSTREAM,OH,2.8729999999999998,0.15000000000000005,0.85,1,1,0,1,65.39355963124532,187.8756968205678,151.6256968205678
penalised,2011-06-22,19533,4116709428,MAINSTREAM,TX,4.59,0.0,1.0,0,0,0,0,1.8468487368748034,8.477035702255348,8.477035702255348
penalised,2011-11-09,8041,7797508006,MAINSTREAM,OH,2.7965,0.15000000000000002,0.85,0,0,0,0,12.041213318484727,33.67325304514254,22.423253045142538
penalised,2011-11-16,10019,7797508006,VALUE,TX,3.29,0.0,1.0,0,0,0,0,1.4496562354285867,4.76936901456005,4.76936901456005
penalised,2011-08-24,13609,1111087395,MAINSTREAM,OH,3.564,0.09999999999999998,0.9,1,1,0,1,28.545179533538757,101.73501985753214,69.23501985753214
penalised,2011-09-28,25027,31254742735,MAINSTREAM,OH,4.392,0.09999999999999991,0.9,1,1,0,1,36.200691126742086,158.99343542865125,126.49343542865125
penalised,2011-08-17,12011,1111087396,MAINSTREAM,TX,3.1875,0.15,0.85,1,1,0,1,35.942959173425834,114.56818236529485,78.31818236529485
penalised,2011-07-13,11757,7218063983,MAINSTREAM,KY,6.3665,0.15,0.85,0,0,0,0,6.355446181678951,40.46194811565904,29.21194811565904
penalised,2011-06-08,13853,7797508004,MAINSTREAM,TX,3.29,0.0,1.0,0,0,0,0,3.7632219008088184,12.381000053661012,12.381000053661012
penalised,2011-10-12,2541,3800039118,MAINSTREAM,TX,3.211,0.05000000000000001,0.95,1,1,0,1,17.11023755249791,54.94097278107079,26.19097278107079
penalised,2012-01-04,21221,1111035398,VALUE,OH,2.99,0.0,1.0,0,0,0,0,1.412295273359222,4.222762867344074,4.222762867344074
penalised,2011-11-16,12011,31254742725,MAINSTREAM,TX,4.69,0.0,1.0,0,0,0,0,1.6213479212879123,7.604121750840309,7.604121750840309
penalised,2011-10-26,26983,7218063983,VALUE,OH,7.49,0.0,1.0,0,0,0,0,1.2374256642531523,9.268318225256111,9.268318225256111
penalised,2011-11-09,15531,7218063983,VALUE,OH,6.3665,0.15,0.85,0,0,0,0,4.137068722807036,26.338648023750995,15.088648023750995
penalised,2011-11-23,11757,3700031613,MAINSTREAM,KY,4.48,0.0,1.0,0,0,0,0,2.1566030175330306,9.661581518547978,9.661581518547978
penalised,2011-11-16,23349,4116709565,VALUE,TX,4.99,0.0,1.0,0,0,0,0,1.236707363751855,6.171169745121757,6.171169745121757
penalised,2011-08-24,15755,3700031613,VALUE,TX,4.29,0.0,1.0,0,0,0,0,1.925913875599626,8.262170526322395,8.262170526322395
penalised,2011-08-31,15765,1111009507,MAINSTREAM,TX,1.2,0.0,1.0,0,0,0,0,15.409725421295212,18.491670505554254,18.491670505554254
penalised,2011-11-16,4245,7797508004,MAINSTREAM,IN,2.7965,0.15000000000000002,0.85,1,1,0,1,25.945570264694286,72.55678724521758,36.30678724521758
penalised,2011-10-26,13609,1111085350,MAINSTREAM,OH,2.45,0.0,1.0,1,1,0,1,97.9995975207812,240.09901392591394,215.09901392591394
penalised,2011-11-30,28909,1600027528,MAINSTREAM,OH,4.311,0.10000000000000002,0.9,1,1,0,1,66.91193764500753,288.45736318762744,255.95736318762744
penalised,2011-06-29,4521,1111009507,MAINSTREAM,TX,1.25,0.0,1.0,0,0,0,0,3.1119870498503546,3.889983812312943,3.889983812312943
penalised,2011-12-28,11967,88491201426,VALUE,TX,2.628,0.09999999999999994,0.9,1,1,0,1,45.618796991215454,119.88619849291422,87.38619849291422
penalised,2011-11-30,11761,88491201426,UPSCALE,OH,3.0330000000000004,0.09999999999999992,0.9,1,1,0,1,23.803079067777002,72.19473881256765,39.69473881256765
penalised,2011-06-22,13859,88491201427,MAINSTREAM,TX,2.9665,0.15000000000000008,0.85,1,1,0,1,34.30792168142915,101.77444966795957,65.52444966795957
penalised,2011-11-16,6187,1600027528,MAINSTREAM,OH,4.311,0.10000000000000002,0.9,1,1,0,1,57.16326582420868,246.4308389681636,213.9308389681636
penalised,2011-06-08,29159,7192100337,MAINSTREAM,TX,6.79,0.0,1.0,0,0,0,0,4.815470728677096,32.69704624771748,32.69704624771748
penalised,2011-06-08,2541,1600027528,MAINSTREAM,TX,4.9305,0.05000000000000001,0.95,1,1,0,1,17.816646886925515,87.84497747598625,59.094977475986255
penalised,2011-06-22,23327,1111087395,MAINSTREAM,TX,3.222,0.10000000000000002,0.9,0,0,0,0,13.2623468257483,42.73128147256102,35.23128147256102
penalised,2011-11-30,387,3800031829,UPSCALE,OH,3.89,0.0,1.0,1,1,0,1,48.71562087905875,189.50376521953854,164.50376521953854
penalised,2011-08-17,9825,1111038078,MAINSTREAM,OH,1.69,0.0,1.0,0,0,0,0,10.092277084511418,17.055948272824295,17.055948272824295
penalised,2011-10-26,23055,3700044982,VALUE,OH,4.99,0.0,1.0,0,0,0,0,1.6014011736161466,7.990991856344572,7.990991856344572
penalised,2011-09-21,21221,3000006610,VALUE,OH,2.6264999999999996,0.15000000000000008,0.85,1,1,0,1,24.367216490577434,64.00049411250163,27.75049411250162
penalised,2011-11-09,2277,2066200532,UPSCALE,OH,6.2604999999999995,0.05000000000000005,0.95,1,1,0,1,23.086301374979257,144.53178975805764,115.78178975805764
penalised,2011-08-24,387,7218063052,UPSCALE,OH,6.3665,0.15,0.85,1,1,0,1,18.2901387857825,116.44416857968429,80.19416857968429
penalised,2011-06-15,6179,31254742735,UPSCALE,OH,4.83,0.0,1.0,0,0,0,0,6.250555849247515,30.190184751865498,30.190184751865498
penalised,2011-06-08,4245,2066200531,MAINSTREAM,IN,5.304,0.15,0.85,1,1,0,1,17.171368799451322,91.07694011228982,54.82694011228982
penalised,2011-08-03,26983,1111085350,VALUE,OH,2.241,0.10000000000000003,0.9,1,1,0,1,47.688041469768535,106.86890093375129,74.36890093375129
penalised,2011-11-23,15763,3800031838,UPSCALE,TX,2.583,0.09999999999999996,0.9,1,1,0,1,71.06919123881312,183.5717209698543,151.0717209698543
penalised,2011-12-07,21237,1111038080,MAINSTREAM,OH,1.66,0.0,1.0,0,0,0,0,4.452998761045261,7.3919779433351325,7.3919779433351325
penalised,2011-08-10,21485,3800039118,MAINSTREAM,TX,2.682,0.10000000000000002,0.9,1,1,0,1,100.56528891185934,269.71610486160677,237.21610486160677
penalised,2011-08-17,8263,4116709565,UPSCALE,TX,4.99,0.0,1.0,0,0,0,0,1.6728244936466954,8.34739422329701,8.34739422329701
penalised,2012-01-04,13827,2066200531,MAINSTREAM,TX,6.6405,0.04999999999999999,0.95,1,1,0,1,9.21393523963489,61.185136958795496,32.435136958795496
penalised,2011-11-02,23075,7027316404,MAINSTREAM,OH,1.764,0.09999999999999998,0.9,1,1,0,1,42.6679932170241,75.2663400348305,42.766340034830506
penalised,2011-07-06,17627,1111009507,AMBIGUOUS,TX,1.21,0.0,1.0,0,0,0,0,13.218751906468993,15.994689806827482,15.994689806827482
penalised,2011-12-21,21237,1111009477,MAINSTREAM,OH,1.62,0.0,1.0,1,1,0,1,208.72324252621988,338.1316528924762,313.1316528924762
penalised,2011-10-19,4521,3800031838,MAINSTREAM,TX,2.673,0.10000000000000005,0.9,1,1,0,1,53.014039381147725,141.70652726580786,109.20652726580786
penalised,2011-06-29,25261,3000006560,MAINSTREAM,TX,2.533,0.15000000000000002,0.85,1,1,0,1,66.31338323670805,167.9717997385815,131.7217997385815
penalised,2011-10-05,23055,1111085319,VALUE,OH,1.95,0.0,1.0,0,0,0,0,7.891891481344334,15.389188388621452,15.389188388621452
penalised,2011-09-21,623,4116709428,MAINSTREAM,TX,4.59,0.0,1.0,0,0,0,0,1.8736553591041756,8.600078098288165,8.600078098288165
penalised,2011-09-28,6379,7797502248,MAINSTREAM,TX,2.69,0.0,1.0,0,0,0,0,8.117831454000997,21.83696661126268,21.83696661126268
penalised,2011-08-31,6379,1111009477,MAINSTREAM,TX,1.22,0.0,1.0,1,1,0,1,78.56730250510508,95.85210905622819,70.85210905622819
penalised,2011-09-21,8035,1600027528,VALUE,OH,4.79,0.0,1.0,0,0,0,0,7.247788649343571,34.716907630355706,34.716907630355706
penalised,2011-06-15,27175,7218063979,UPSCALE,TX,6.3665,0.15,0.85,1,1,0,1,14.44477164906166,91.96263870375107,55.71263870375107
penalised,2012-01-04,4259,3800039118,VALUE,OH,2.9665,0.15000000000000008,0.85,1,1,0,1,102.6392030094619,304.4791957275687,268.2291957275687
penalised,2011-07-13,613,1111085345,MAINSTREAM,TX,1.85,0.0,1.0,1,1,0,1,56.00229468126471,103.60424516033972,78.60424516033972
penalised,2011-09-14,4245,1111009477,MAINSTREAM,IN,1.54,0.0,1.0,1,1,0,1,116.46082440362787,179.3496695815869,154.3496695815869
penalised,2011-06-29,623,7218063052,MAINSTREAM,TX,6.706499999999999,0.15000000000000005,0.85,0,0,0,0,6.923759858930336,46.43419549391629,35.18419549391629
penalised,2011-08-17,2281,4116709428,UPSCALE,OH,4.59,0.0,1.0,0,0,0,0,3.1267364466378016,14.351720290067508,14.351720290067508
penalised,2011-06-29,19533,7218063979,MAINSTREAM,TX,6.706499999999999,0.15000000000000005,0.85,1,1,0,1,8.428058472455927,56.522774145525666,20.27277414552566
penalised,2011-08-31,25261,3700044982,MAINSTREAM,TX,4.98,0.0,1.0,0,0,0,0,3.8005965884552255,18.926971010507025,18.926971010507025
penalised,2011-06-22,21213,1111009497,MAINSTREAM,OH,1.54,0.0,1.0,0,0,0,0,30.86587420361093,47.533446273560834,47.533446273560834
penalised,2011-08-10,23055,7192100336,VALUE,OH,6.59,0.0,1.0,0,0,0,0,4.872230318949602,32.10799780187788,32.10799780187788
penalised,2011-07-20,11993,1111009497,UPSCALE,TX,1.24,0.0,1.0,0,0,0,0,28.567342335161257,35.42350449559996,35.42350449559996
penalised,2011-11-30,25233,7192100336,VALUE,TX,4.742999999999999,0.10000000000000003,0.9,1,1,0,1,27.860266156492703,132.14124238024488,99.64124238024488
penalised,2011-06-15,15763,7218063052,UPSCALE,TX,6.3665,0.15,0.85,1,1,0,1,8.679073062286323,55.255318651045876,19.005318651045876
penalised,2011-08-10,8263,3800031829,UPSCALE,TX,3.024,0.09999999999999996,0.9,1,1,0,1,68.83864610817497,208.1680658311211,175.6680658311211
penalised,2011-11-30,11761,1111009477,UPSCALE,OH,1.5484999999999998,0.05000000000000008,0.95,1,1,0,1,105.74716397953733,163.74948342231355,134.99948342231355
penalised,2011-10-26,4521,2066200532,MAINSTREAM,TX,5.99,0.0,1.0,0,0,0,0,2.072179373879313,12.412354449537085,12.412354449537085
